{
  "03 Place Order" : {
    "transaction" : "03 Place Order",
    "sampleCount" : 100,
    "errorCount" : 0,
    "errorPct" : 0.0,
    "meanResTime" : 50716.809999999976,
    "medianResTime" : 54222.0,
    "minResTime" : 1610.0,
    "maxResTime" : 94879.0,
    "pct1ResTime" : 85079.8,
    "pct2ResTime" : 87524.65,
    "pct3ResTime" : 94829.97999999998,
    "throughput" : 0.8065817067268914,
    "receivedKBytesPerSec" : 0.656095930291176,
    "sentKBytesPerSec" : 0.4426747257622197
  },
  "02 Read Product From Catalog" : {
    "transaction" : "02 Read Product From Catalog",
    "sampleCount" : 100,
    "errorCount" : 0,
    "errorPct" : 0.0,
    "meanResTime" : 1262.2299999999998,
    "medianResTime" : 10.5,
    "minResTime" : 4.0,
    "maxResTime" : 18843.0,
    "pct1ResTime" : 4984.300000000002,
    "pct2ResTime" : 6909.899999999994,
    "pct3ResTime" : 18770.399999999965,
    "throughput" : 2.2722624917630485,
    "receivedKBytesPerSec" : 1.6121081057283737,
    "sentKBytesPerSec" : 0.35726002067758866
  },
  "01 Register Customer" : {
    "transaction" : "01 Register Customer",
    "sampleCount" : 100,
    "errorCount" : 0,
    "errorPct" : 0.0,
    "meanResTime" : 2656.32,
    "medianResTime" : 1275.5,
    "minResTime" : 703.0,
    "maxResTime" : 7573.0,
    "pct1ResTime" : 7308.7,
    "pct2ResTime" : 7448.849999999999,
    "pct3ResTime" : 7572.41,
    "throughput" : 3.793051130329237,
    "receivedKBytesPerSec" : 3.318919739038082,
    "sentKBytesPerSec" : 1.2149616901835836
  },
  "Total" : {
    "transaction" : "Total",
    "sampleCount" : 300,
    "errorCount" : 0,
    "errorPct" : 0.0,
    "meanResTime" : 18211.786666666652,
    "medianResTime" : 1862.5,
    "minResTime" : 4.0,
    "maxResTime" : 94879.0,
    "pct1ResTime" : 71274.60000000002,
    "pct2ResTime" : 81692.09999999999,
    "pct3ResTime" : 88751.2,
    "throughput" : 2.3957834211787254,
    "receivedKBytesPerSec" : 1.9149500004991216,
    "sentKBytesPerSec" : 0.8196511639514454
  }
}