{
  "03 Place Order" : {
    "transaction" : "03 Place Order",
    "sampleCount" : 100,
    "errorCount" : 16,
    "errorPct" : 16.0,
    "meanResTime" : 37733.14000000001,
    "medianResTime" : 37962.5,
    "minResTime" : 1525.0,
    "maxResTime" : 76708.0,
    "pct1ResTime" : 62049.200000000004,
    "pct2ResTime" : 64037.299999999996,
    "pct3ResTime" : 76601.34999999995,
    "throughput" : 0.9618436619311898,
    "receivedKBytesPerSec" : 0.734363878682659,
    "sentKBytesPerSec" : 0.5278868535208288
  },
  "02 Read Product From Catalog" : {
    "transaction" : "02 Read Product From Catalog",
    "sampleCount" : 100,
    "errorCount" : 1,
    "errorPct" : 1.0,
    "meanResTime" : 4578.0,
    "medianResTime" : 21.0,
    "minResTime" : 5.0,
    "maxResTime" : 30038.0,
    "pct1ResTime" : 14705.0,
    "pct2ResTime" : 15812.149999999998,
    "pct3ResTime" : 29903.04999999993,
    "throughput" : 1.7681277295471824,
    "receivedKBytesPerSec" : 1.2428349386459678,
    "sentKBytesPerSec" : 0.27799664497763316
  },
  "01 Register Customer" : {
    "transaction" : "01 Register Customer",
    "sampleCount" : 100,
    "errorCount" : 0,
    "errorPct" : 0.0,
    "meanResTime" : 4554.290000000002,
    "medianResTime" : 6426.0,
    "minResTime" : 582.0,
    "maxResTime" : 10746.0,
    "pct1ResTime" : 7604.8,
    "pct2ResTime" : 7874.0999999999985,
    "pct3ResTime" : 10734.709999999994,
    "throughput" : 3.294784356363876,
    "receivedKBytesPerSec" : 2.8829363118183915,
    "sentKBytesPerSec" : 1.055360614147804
  },
  "Total" : {
    "transaction" : "Total",
    "sampleCount" : 300,
    "errorCount" : 17,
    "errorPct" : 5.6666665,
    "meanResTime" : 15621.810000000007,
    "medianResTime" : 6963.5,
    "minResTime" : 5.0,
    "maxResTime" : 76708.0,
    "pct1ResTime" : 46625.50000000004,
    "pct2ResTime" : 60227.54999999999,
    "pct3ResTime" : 64796.65000000001,
    "throughput" : 2.8605209962241123,
    "receivedKBytesPerSec" : 2.2325472462717877,
    "sentKBytesPerSec" : 0.9786482965597467
  }
}